{"cameraMode":{"drawMode":0,"name":"Shaded","section":"Shading Mode"},"sceneLighting":true,"audioPlay":false,"sceneViewState":{"showFog":false,"showMaterialUpdate":true,"showSkybox":true,"showFlares":true,"showImageEffects":true,"showParticleSystems":true},"in2DMode":false,"pivot":{"x":-7.3741607666015629,"y":20.657703399658204,"z":1.4310859441757203},"rotation":{"x":-0.41672641038894656,"y":-0.5733514428138733,"z":0.423528254032135,"w":-0.5641359686851502},"size":0.007395029067993164,"orthographic":false}